Tape & Reel (TR),Cut Tape (CT),Digi-Reel®
10000 for $0.00204 each 20000 for $0.00152 each,1 for $0.1 each 10 for $0.006 each 25 for $0.0056 each 50 for $0.0052 each 100 for $0.0041 each 250 for $0.00304 each 5000 for $0.00284 each,1 for $0.1 each 10 for $0.006 each 25 for $0.0056 each 50 for $0.0052 each 100 for $0.0041 each 250 for $0.00304 each 5000 for $0.00284 each
10000 for $0.00204 each 20000 for $0.0017 each 30000 for $0.00166 each 50000 for $0.00153 each 70000 for $0.00152 each,1 for $0.1 each 10 for $0.007 each 25 for $0.0068 each 50 for $0.0062 each 100 for $0.0051 each 250 for $0.00408 each 500 for $0.00306 each 5000 for $0.00284 each,1 for $0.1 each 10 for $0.007 each 25 for $0.0068 each 50 for $0.0062 each 100 for $0.0051 each 250 for $0.00408 each 500 for $0.00306 each 5000 for $0.00284 each
10000 for $0.00204 each 20000 for $0.00168 each 30000 for $0.00164 each 50000 for $0.00151 each 70000 for $0.0015 each,1 for $0.1 each 10 for $0.007 each 25 for $0.0056 each 50 for $0.004 each 100 for $0.0036 each 250 for $0.00304 each 5000 for $0.00284 each,1 for $0.1 each 10 for $0.007 each 25 for $0.0056 each 50 for $0.004 each 100 for $0.0036 each 250 for $0.00304 each 5000 for $0.00284 each
10000 for $0.00798 each 20000 for $0.0073 each 30000 for $0.00698 each 50000 for $0.00662 each 70000 for $0.00642 each 100000 for $0.00623 each 120000 for $0.00614 each 240000 for $0.00584 each 250000 for $0.00583 each,1 for $0.1 each 10 for $0.039 each 100 for $0.0201 each 1000 for $0.01175 each 2500 for $0.0099 each 5000 for $0.00882 each,1 for $0.1 each 10 for $0.039 each 100 for $0.0201 each 1000 for $0.01175 each 2500 for $0.0099 each 5000 for $0.00882 each
10000 for $0.00461 each 20000 for $0.00418 each 30000 for $0.00396 each 50000 for $0.00371 each 70000 for $0.00356 each 100000 for $0.00341 each 120000 for $0.00334 each 240000 for $0.0031 each 250000 for $0.00309 each,1 for $0.1 each 10 for $0.016 each 25 for $0.0132 each 50 for $0.0114 each 100 for $0.0099 each 250 for $0.00836 each 500 for $0.00738 each 1000 for $0.00653 each 5000 for $0.00501 each,1 for $0.1 each 10 for $0.016 each 25 for $0.0132 each 50 for $0.0114 each 100 for $0.0099 each 250 for $0.00836 each 500 for $0.00738 each 1000 for $0.00653 each 5000 for $0.00501 each
10000 for $0.00331 each 20000 for $0.00326 each 30000 for $0.00324 each 50000 for $0.00322 each 70000 for $0.0032 each 100000 for $0.00319 each 120000 for $0.00318 each 240000 for $0.00309 each 250000 for $0.00308 each,1 for $0.1 each 10 for $0.027 each 100 for $0.0129 each 1000 for $0.00713 each 2500 for $0.00585 each 5000 for $0.00544 each,1 for $0.1 each 10 for $0.027 each 100 for $0.0129 each 1000 for $0.00713 each 2500 for $0.00585 each 5000 for $0.00544 each
10000 for $0.00204 each 20000 for $0.00152 each,1 for $0.1 each 10 for $0.006 each 25 for $0.0056 each 50 for $0.0052 each 100 for $0.0031 each 250 for $0.00284 each,1 for $0.1 each 10 for $0.006 each 25 for $0.0056 each 50 for $0.0052 each 100 for $0.0031 each 250 for $0.00284 each
5000 for $0.00306 each 10000 for $0.00204 each,1 for $0.1 each 10 for $0.007 each 25 for $0.0068 each 50 for $0.0062 each 1000 for $0.00569 each,1 for $0.1 each 10 for $0.007 each 25 for $0.0068 each 50 for $0.0062 each 1000 for $0.00569 each
5000 for $0.00436 each 10000 for $0.00331 each 15000 for $0.00328 each 25000 for $0.00325 each 35000 for $0.00323 each 50000 for $0.00315 each 60000 for $0.00308 each 120000 for $0.00283 each 125000 for $0.00282 each,1 for $0.1 each 10 for $0.014 each 25 for $0.0116 each 50 for $0.01 each 100 for $0.0087 each 250 for $0.00732 each 500 for $0.00644 each 1000 for $0.0057 each,1 for $0.1 each 10 for $0.014 each 25 for $0.0116 each 50 for $0.01 each 100 for $0.0087 each 250 for $0.00732 each 500 for $0.00644 each 1000 for $0.0057 each
10000 for $0.00608 each 20000 for $0.00555 each 30000 for $0.00529 each 50000 for $0.00501 each 70000 for $0.00485 each 100000 for $0.00474 each,1 for $0.1 each 10 for $0.036 each 25 for $0.0272 each 50 for $0.0224 each 100 for $0.0184 each 250 for $0.014 each 500 for $0.01036 each 5000 for $0.00794 each,1 for $0.1 each 10 for $0.036 each 25 for $0.0272 each 50 for $0.0224 each 100 for $0.0184 each 250 for $0.014 each 500 for $0.01036 each 5000 for $0.00794 each
10000 for $0.0062 each 20000 for $0.00563 each 30000 for $0.00535 each 50000 for $0.00502 each 70000 for $0.00483 each 100000 for $0.00464 each 120000 for $0.00455 each 240000 for $0.00423 each 250000 for $0.00422 each,1 for $0.1 each 10 for $0.021 each 25 for $0.0176 each 50 for $0.0154 each 100 for $0.0134 each 250 for $0.01132 each 500 for $0.01 each 1000 for $0.00887 each 5000 for $0.00685 each,1 for $0.1 each 10 for $0.021 each 25 for $0.0176 each 50 for $0.0154 each 100 for $0.0134 each 250 for $0.01132 each 500 for $0.01 each 1000 for $0.00887 each 5000 for $0.00685 each
10000 for $0.00221 each 20000 for $0.00219 each 30000 for $0.00218 each 50000 for $0.00205 each 70000 for $0.00196 each 100000 for $0.00187 each,1 for $0.1 each 10 for $0.019 each 100 for $0.0086 each 1000 for $0.00448 each 2500 for $0.00359 each 5000 for $0.00309 each,1 for $0.1 each 10 for $0.019 each 100 for $0.0086 each 1000 for $0.00448 each 2500 for $0.00359 each 5000 for $0.00309 each
5000 for $0.01415 each 10000 for $0.01347 each 15000 for $0.01311 each 25000 for $0.01269 each 35000 for $0.01244 each 50000 for $0.01235 each,1 for $0.1 each 10 for $0.024 each 25 for $0.0228 each 50 for $0.0214 each 100 for $0.0203 each 250 for $0.0188 each 500 for $0.01776 each 1000 for $0.0168 each,1 for $0.1 each 10 for $0.024 each 25 for $0.0228 each 50 for $0.0214 each 100 for $0.0203 each 250 for $0.0188 each 500 for $0.01776 each 1000 for $0.0168 each
5000 for $0.00233 each 10000 for $0.00221 each 15000 for $0.00214 each 25000 for $0.00198 each 35000 for $0.00189 each 50000 for $0.00185 each 60000 for $0.00176 each 120000 for $0.00161 each 125000 for $0.0016 each,1 for $0.1 each 10 for $0.01 each 25 for $0.0068 each 50 for $0.006 each 100 for $0.0052 each 250 for $0.00432 each 500 for $0.0038 each 1000 for $0.00335 each,1 for $0.1 each 10 for $0.01 each 25 for $0.0068 each 50 for $0.006 each 100 for $0.0052 each 250 for $0.00432 each 500 for $0.0038 each 1000 for $0.00335 each
5000 for $0.00333 each 10000 for $0.00221 each 15000 for $0.0022 each 25000 for $0.00218 each 35000 for $0.00217 each 50000 for $0.00216 each 60000 for $0.00215 each 120000 for $0.00199 each 125000 for $0.00198 each,1 for $0.1 each 10 for $0.02 each 25 for $0.0144 each 50 for $0.0114 each 100 for $0.0091 each 250 for $0.00696 each 500 for $0.00574 each 1000 for $0.0048 each,1 for $0.1 each 10 for $0.02 each 25 for $0.0144 each 50 for $0.0114 each 100 for $0.0091 each 250 for $0.00696 each 500 for $0.00574 each 1000 for $0.0048 each
10000 for $0.00117 each 20000 for $0.00111 each 30000 for $0.0011 each 50000 for $0.00109 each 70000 for $0.00108 each 100000 for $0.00108 each 250000 for $0.00106 each 500000 for $0.00106 each 1000000 for $0.00102 each,1 for $0.1 each 10 for $0.01 each 25 for $0.0056 each 50 for $0.0048 each 100 for $0.0042 each 250 for $0.00352 each 500 for $0.0031 each 1000 for $0.00272 each 5000 for $0.00259 each,1 for $0.1 each 10 for $0.01 each 25 for $0.0056 each 50 for $0.0048 each 100 for $0.0042 each 250 for $0.00352 each 500 for $0.0031 each 1000 for $0.00272 each 5000 for $0.00259 each
5000 for $0.00233 each 10000 for $0.00221 each 15000 for $0.0022 each 25000 for $0.00218 each 35000 for $0.00216 each 50000 for $0.00205 each 60000 for $0.002 each 120000 for $0.00188 each,1 for $0.1 each 10 for $0.019 each 25 for $0.0136 each 50 for $0.0106 each 100 for $0.0086 each 250 for $0.00652 each 500 for $0.00538 each 1000 for $0.00448 each,1 for $0.1 each 10 for $0.019 each 25 for $0.0136 each 50 for $0.0106 each 100 for $0.0086 each 250 for $0.00652 each 500 for $0.00538 each 1000 for $0.00448 each
5000 for $0.00233 each 10000 for $0.00221 each 15000 for $0.0022 each 25000 for $0.00218 each 35000 for $0.00217 each 50000 for $0.00216 each 60000 for $0.00215 each 120000 for $0.00199 each 125000 for $0.00198 each,1 for $0.1 each 10 for $0.02 each 25 for $0.0144 each 50 for $0.0114 each 100 for $0.0091 each 250 for $0.00696 each 500 for $0.00574 each 1000 for $0.0048 each,1 for $0.1 each 10 for $0.02 each 25 for $0.0144 each 50 for $0.0114 each 100 for $0.0091 each 250 for $0.00696 each 500 for $0.00574 each 1000 for $0.0048 each
5000 for $0.00661 each 10000 for $0.00599 each 15000 for $0.00595 each 25000 for $0.00537 each 35000 for $0.00482 each 50000 for $0.00427 each 125000 for $0.00422 each 250000 for $0.00419 each 500000 for $0.00416 each,1 for $0.1 each 10 for $0.035 each 100 for $0.0177 each 1000 for $0.01019 each 2500 for $0.00888 each,1 for $0.1 each 10 for $0.035 each 100 for $0.0177 each 1000 for $0.01019 each 2500 for $0.00888 each
10000 for $0.00221 each 20000 for $0.00219 each 30000 for $0.00218 each 50000 for $0.00205 each 70000 for $0.00196 each 100000 for $0.00187 each,1 for $0.1 each 10 for $0.019 each 100 for $0.0086 each 1000 for $0.00448 each 2500 for $0.00359 each 5000 for $0.00309 each,1 for $0.1 each 10 for $0.019 each 100 for $0.0086 each 1000 for $0.00448 each 2500 for $0.00359 each 5000 for $0.00309 each
5000 for $0.00928 each 10000 for $0.00841 each 15000 for $0.00796 each 25000 for $0.00746 each 35000 for $0.00715 each 50000 for $0.00686 each 60000 for $0.00672 each 120000 for $0.00623 each 125000 for $0.00621 each,1 for $0.1 each 10 for $0.028 each 25 for $0.0228 each 50 for $0.02 each 100 for $0.0176 each 250 for $0.01488 each 500 for $0.01316 each 1000 for $0.01169 each,1 for $0.1 each 10 for $0.028 each 25 for $0.0228 each 50 for $0.02 each 100 for $0.0176 each 250 for $0.01488 each 500 for $0.01316 each 1000 for $0.01169 each
10000 for $0.00551 each 20000 for $0.00433 each 30000 for $0.0043 each 50000 for $0.00427 each 70000 for $0.00425 each 100000 for $0.00414 each 120000 for $0.00407 each 240000 for $0.00384 each 250000 for $0.00383 each,1 for $0.1 each 10 for $0.03 each 100 for $0.0148 each 1000 for $0.0084 each 2500 for $0.00795 each,1 for $0.1 each 10 for $0.03 each 100 for $0.0148 each 1000 for $0.0084 each 2500 for $0.00795 each
10000 for $0.00221 each 20000 for $0.00219 each 30000 for $0.00218 each 50000 for $0.00216 each 70000 for $0.00215 each 100000 for $0.00212 each 120000 for $0.00208 each 240000 for $0.00192 each 250000 for $0.00191 each,1 for $0.1 each 10 for $0.01 each 25 for $0.0088 each 50 for $0.0076 each 100 for $0.0066 each 250 for $0.00548 each 500 for $0.00482 each 1000 for $0.00426 each 5000 for $0.00351 each,1 for $0.1 each 10 for $0.01 each 25 for $0.0088 each 50 for $0.0076 each 100 for $0.0066 each 250 for $0.00548 each 500 for $0.00482 each 1000 for $0.00426 each 5000 for $0.00351 each
5000 for $0.00233 each 10000 for $0.00221 each 15000 for $0.0022 each 25000 for $0.00218 each 35000 for $0.00217 each 50000 for $0.00216 each 60000 for $0.00215 each 120000 for $0.00199 each 125000 for $0.00198 each,1 for $0.1 each 10 for $0.02 each 25 for $0.0144 each 50 for $0.0114 each 100 for $0.0091 each 250 for $0.00696 each 500 for $0.00574 each 1000 for $0.0048 each,1 for $0.1 each 10 for $0.02 each 25 for $0.0144 each 50 for $0.0114 each 100 for $0.0091 each 250 for $0.00696 each 500 for $0.00574 each 1000 for $0.0048 each
15000 for $0.00435 each 30000 for $0.00396 each 45000 for $0.00376 each 75000 for $0.00353 each 105000 for $0.00339 each 150000 for $0.00326 each 180000 for $0.0032 each 360000 for $0.00298 each 375000 for $0.00297 each,1 for $0.1 each 10 for $0.016 each 25 for $0.0132 each 50 for $0.0114 each 100 for $0.0099 each 250 for $0.00836 each 500 for $0.00738 each 1000 for $0.00653 each 5000 for $0.00501 each,1 for $0.1 each 10 for $0.016 each 25 for $0.0132 each 50 for $0.0114 each 100 for $0.0099 each 250 for $0.00836 each 500 for $0.00738 each 1000 for $0.00653 each 5000 for $0.00501 each
5000 for $0.01611 each 10000 for $0.01536 each 15000 for $0.01496 each 25000 for $0.0145 each 35000 for $0.01437 each,1 for $0.1 each 10 for $0.031 each 25 for $0.0288 each 50 for $0.0272 each 100 for $0.0258 each 250 for $0.02392 each 500 for $0.02258 each 1000 for $0.02137 each,1 for $0.1 each 10 for $0.031 each 25 for $0.0288 each 50 for $0.0272 each 100 for $0.0258 each 250 for $0.02392 each 500 for $0.02258 each 1000 for $0.02137 each
10000 for $0.00438 each 20000 for $0.00433 each 30000 for $0.00429 each 50000 for $0.00403 each 70000 for $0.00388 each 100000 for $0.00378 each 120000 for $0.00367 each 240000 for $0.00346 each 250000 for $0.00345 each,1 for $0.1 each 10 for $0.028 each 100 for $0.0138 each 1000 for $0.00766 each 2500 for $0.00572 each 5000 for $0.00546 each,1 for $0.1 each 10 for $0.028 each 100 for $0.0138 each 1000 for $0.00766 each 2500 for $0.00572 each 5000 for $0.00546 each
10000 for $0.00438 each 20000 for $0.00433 each 30000 for $0.0043 each 50000 for $0.00427 each 70000 for $0.00425 each 100000 for $0.00414 each 120000 for $0.00407 each 240000 for $0.00384 each 250000 for $0.00383 each,1 for $0.1 each 10 for $0.03 each 100 for $0.0148 each 1000 for $0.00832 each 2500 for $0.00688 each 5000 for $0.00637 each,1 for $0.1 each 10 for $0.03 each 100 for $0.0148 each 1000 for $0.00832 each 2500 for $0.00688 each 5000 for $0.00637 each
10000 for $0.00204 each 20000 for $0.002 each 30000 for $0.00196 each 50000 for $0.00182 each 70000 for $0.00181 each,1 for $0.1 each 10 for $0.007 each 25 for $0.006 each 50 for $0.005 each 100 for $0.0041 each 250 for $0.00308 each,1 for $0.1 each 10 for $0.007 each 25 for $0.006 each 50 for $0.005 each 100 for $0.0041 each 250 for $0.00308 each
5000 for $0.00292 each 10000 for $0.00262 each 15000 for $0.00246 each 25000 for $0.00229 each 35000 for $0.00218 each 50000 for $0.00208 each 60000 for $0.00203 each 120000 for $0.00186 each 125000 for $0.00185 each,1 for $0.1 each 10 for $0.01 each 25 for $0.008 each 50 for $0.0068 each 100 for $0.0059 each 250 for $0.00496 each 500 for $0.00436 each 1000 for $0.00384 each,1 for $0.1 each 10 for $0.01 each 25 for $0.008 each 50 for $0.0068 each 100 for $0.0059 each 250 for $0.00496 each 500 for $0.00436 each 1000 for $0.00384 each
10000 for $0.00204 each 20000 for $0.002 each 30000 for $0.00196 each 50000 for $0.00182 each 70000 for $0.00181 each,1 for $0.1 each 10 for $0.007 each 25 for $0.006 each 50 for $0.004 each 5000 for $0.00306 each,1 for $0.1 each 10 for $0.007 each 25 for $0.006 each 50 for $0.004 each 5000 for $0.00306 each
10000 for $0.00204 each 20000 for $0.002 each 30000 for $0.00196 each 50000 for $0.00182 each 70000 for $0.00181 each,1 for $0.1 each 10 for $0.007 each 25 for $0.006 each 50 for $0.005 each 100 for $0.0041 each 250 for $0.00308 each,1 for $0.1 each 10 for $0.007 each 25 for $0.006 each 50 for $0.005 each 100 for $0.0041 each 250 for $0.00308 each
5000 for $0.00511 each 10000 for $0.00461 each 15000 for $0.00435 each 25000 for $0.00405 each 35000 for $0.00388 each 50000 for $0.00371 each 60000 for $0.00363 each 120000 for $0.00334 each 125000 for $0.00333 each,1 for $0.1 each 10 for $0.016 each 25 for $0.0132 each 50 for $0.0114 each 100 for $0.0099 each 250 for $0.00836 each 500 for $0.00738 each 1000 for $0.00653 each,1 for $0.1 each 10 for $0.016 each 25 for $0.0132 each 50 for $0.0114 each 100 for $0.0099 each 250 for $0.00836 each 500 for $0.00738 each 1000 for $0.00653 each
5000 for $0.00724 each 10000 for $0.00655 each 15000 for $0.00619 each 25000 for $0.00579 each 35000 for $0.00555 each 50000 for $0.00531 each 60000 for $0.0052 each 120000 for $0.00481 each 125000 for $0.00479 each,1 for $0.1 each 10 for $0.022 each 25 for $0.018 each 50 for $0.0158 each 100 for $0.0139 each 250 for $0.01172 each 500 for $0.01034 each 1000 for $0.00918 each,1 for $0.1 each 10 for $0.022 each 25 for $0.018 each 50 for $0.0158 each 100 for $0.0139 each 250 for $0.01172 each 500 for $0.01034 each 1000 for $0.00918 each
5000 for $0.00324 each 10000 for $0.00221 each 15000 for $0.0022 each 25000 for $0.00218 each 35000 for $0.00217 each 50000 for $0.00216 each 60000 for $0.00215 each 120000 for $0.00208 each 125000 for $0.00207 each,1 for $0.1 each 10 for $0.01 each 25 for $0.0088 each 50 for $0.0076 each 100 for $0.0066 each 250 for $0.00548 each 500 for $0.00482 each 1000 for $0.00426 each,1 for $0.1 each 10 for $0.01 each 25 for $0.0088 each 50 for $0.0076 each 100 for $0.0066 each 250 for $0.00548 each 500 for $0.00482 each 1000 for $0.00426 each
10000 for $0.00546 each 20000 for $0.00433 each 30000 for $0.0043 each 50000 for $0.00427 each 70000 for $0.00425 each 100000 for $0.00414 each 120000 for $0.00407 each 240000 for $0.00384 each 250000 for $0.00383 each,1 for $0.1 each 10 for $0.03 each 100 for $0.0148 each 1000 for $0.00832 each 2500 for $0.00702 each,1 for $0.1 each 10 for $0.03 each 100 for $0.0148 each 1000 for $0.00832 each 2500 for $0.00702 each
10000 for $0.00221 each 20000 for $0.00219 each 30000 for $0.00218 each 50000 for $0.00205 each 70000 for $0.00196 each 100000 for $0.00187 each,1 for $0.1 each 10 for $0.019 each 100 for $0.0086 each 1000 for $0.00448 each 2500 for $0.00359 each 5000 for $0.00309 each,1 for $0.1 each 10 for $0.019 each 100 for $0.0086 each 1000 for $0.00448 each 2500 for $0.00359 each 5000 for $0.00309 each
5000 for $0.00306 each 10000 for $0.00204 each,1 for $0.1 each 10 for $0.011 each 25 for $0.008 each 50 for $0.0062 each 100 for $0.0051 each,1 for $0.1 each 10 for $0.011 each 25 for $0.008 each 50 for $0.0062 each 100 for $0.0051 each
10000 for $0.01192 each 20000 for $0.01139 each 30000 for $0.01111 each 50000 for $0.011 each,1 for $0.1 each 10 for $0.024 each 25 for $0.0224 each 50 for $0.0212 each 100 for $0.0201 each 250 for $0.0186 each 500 for $0.01758 each 1000 for $0.01662 each 5000 for $0.01471 each,1 for $0.1 each 10 for $0.024 each 25 for $0.0224 each 50 for $0.0212 each 100 for $0.0201 each 250 for $0.0186 each 500 for $0.01758 each 1000 for $0.01662 each 5000 for $0.01471 each
10000 for $0.00286 each 20000 for $0.00253 each 30000 for $0.00237 each 50000 for $0.0022 each 70000 for $0.0021 each 100000 for $0.002 each 120000 for $0.00196 each 240000 for $0.00182 each 250000 for $0.00181 each,1 for $0.1 each 10 for $0.02 each 100 for $0.009 each 1000 for $0.00474 each 2500 for $0.00381 each 5000 for $0.00328 each,1 for $0.1 each 10 for $0.02 each 100 for $0.009 each 1000 for $0.00474 each 2500 for $0.00381 each 5000 for $0.00328 each
10000 for $0.00206 each 20000 for $0.00185 each 30000 for $0.00175 each 50000 for $0.00163 each 70000 for $0.00155 each 100000 for $0.00148 each 120000 for $0.00145 each 240000 for $0.00134 each 250000 for $0.00133 each,1 for $0.1 each 10 for $0.01 each 25 for $0.0064 each 50 for $0.0054 each 100 for $0.0047 each 250 for $0.00392 each 500 for $0.00346 each 1000 for $0.00304 each 5000 for $0.0023 each,1 for $0.1 each 10 for $0.01 each 25 for $0.0064 each 50 for $0.0054 each 100 for $0.0047 each 250 for $0.00392 each 500 for $0.00346 each 1000 for $0.00304 each 5000 for $0.0023 each
10000 for $0.00438 each 20000 for $0.00326 each 30000 for $0.00324 each 50000 for $0.00322 each 70000 for $0.0032 each 100000 for $0.00319 each 120000 for $0.00318 each 240000 for $0.00309 each 250000 for $0.00308 each,1 for $0.1 each 10 for $0.027 each 100 for $0.0129 each 1000 for $0.00713 each 2500 for $0.00585 each 5000 for $0.00544 each,1 for $0.1 each 10 for $0.027 each 100 for $0.0129 each 1000 for $0.00713 each 2500 for $0.00585 each 5000 for $0.00544 each
5000 for $0.00338 each 10000 for $0.00221 each 15000 for $0.0022 each 25000 for $0.00218 each 35000 for $0.00217 each,1 for $0.1 each 10 for $0.025 each 100 for $0.012 each 1000 for $0.00658 each 2500 for $0.00538 each,1 for $0.1 each 10 for $0.025 each 100 for $0.012 each 1000 for $0.00658 each 2500 for $0.00538 each
10000 for $0.00221 each 20000 for $0.00219 each 30000 for $0.00218 each 50000 for $0.00216 each 70000 for $0.00215 each 100000 for $0.00213 each 250000 for $0.00211 each 500000 for $0.00203 each 1000000 for $0.00193 each,1 for $0.1 each 10 for $0.022 each 100 for $0.0101 each 1000 for $0.00542 each 2500 for $0.00438 each 5000 for $0.0038 each,1 for $0.1 each 10 for $0.022 each 100 for $0.0101 each 1000 for $0.00542 each 2500 for $0.00438 each 5000 for $0.0038 each
5000 for $0.0052 each,1 for $0.1 each 10 for $0.018 each 25 for $0.0152 each 50 for $0.0112 each,1 for $0.1 each 10 for $0.018 each 25 for $0.0152 each 50 for $0.0112 each
5000 for $0.02028 each 10000 for $0.01924 each 15000 for $0.01861 each 25000 for $0.01797 each 35000 for $0.01789 each 50000 for $0.01754 each 60000 for $0.01736 each 120000 for $0.01676 each 125000 for $0.01672 each,1 for $0.1 each 10 for $0.031 each 25 for $0.0288 each 50 for $0.0272 each 100 for $0.0258 each 250 for $0.02392 each 500 for $0.02258 each 1000 for $0.02137 each,1 for $0.1 each 10 for $0.031 each 25 for $0.0288 each 50 for $0.0272 each 100 for $0.0258 each 250 for $0.02392 each 500 for $0.02258 each 1000 for $0.02137 each
5000 for $0.00352 each 10000 for $0.00308 each 15000 for $0.00274 each 25000 for $0.00263 each 35000 for $0.0025 each 50000 for $0.00216 each 60000 for $0.00215 each 120000 for $0.00213 each 125000 for $0.00212 each,1 for $0.1 each 10 for $0.02 each 100 for $0.0095 each 1000 for $0.00505 each 2500 for $0.00427 each,1 for $0.1 each 10 for $0.02 each 100 for $0.0095 each 1000 for $0.00505 each 2500 for $0.00427 each
5000 for $0.00442 each 10000 for $0.00438 each 15000 for $0.00435 each 25000 for $0.00431 each 35000 for $0.00429 each 50000 for $0.00427 each 60000 for $0.00426 each 120000 for $0.00414 each 125000 for $0.00412 each,1 for $0.1 each 10 for $0.03 each 100 for $0.0149 each 1000 for $0.00842 each 2500 for $0.00697 each,1 for $0.1 each 10 for $0.03 each 100 for $0.0149 each 1000 for $0.00842 each 2500 for $0.00697 each
5000 for $0.00769 each 10000 for $0.00653 each 15000 for $0.00648 each 25000 for $0.00643 each 35000 for $0.0064 each 50000 for $0.00637 each 60000 for $0.00636 each 120000 for $0.00631 each 125000 for $0.0063 each,1 for $0.1 each 10 for $0.041 each 25 for $0.0312 each 50 for $0.0224 each 100 for $0.0184 each 250 for $0.01692 each 500 for $0.01448 each 1000 for $0.01254 each,1 for $0.1 each 10 for $0.041 each 25 for $0.0312 each 50 for $0.0224 each 100 for $0.0184 each 250 for $0.01692 each 500 for $0.01448 each 1000 for $0.01254 each
10000 for $0.00759 each 20000 for $0.00698 each 30000 for $0.00694 each 50000 for $0.00637 each 70000 for $0.00634 each 100000 for $0.00632 each 250000 for $0.00626 each 500000 for $0.00605 each 1000000 for $0.00586 each,1 for $0.1 each 10 for $0.041 each 100 for $0.0209 each 1000 for $0.01231 each 2500 for $0.01038 each 5000 for $0.00928 each,1 for $0.1 each 10 for $0.041 each 100 for $0.0209 each 1000 for $0.01231 each 2500 for $0.01038 each 5000 for $0.00928 each
Tape & Reel (TR),Cut Tape (CT),Digi-Reel®
5000 for $0.00442 each 10000 for $0.00385 each 15000 for $0.00382 each 25000 for $0.00325 each 35000 for $0.00323 each 50000 for $0.00322 each 60000 for $0.00321 each 120000 for $0.0031 each 125000 for $0.00309 each,1 for $0.1 each 10 for $0.026 each 100 for $0.0124 each 1000 for $0.0068 each 2500 for $0.00557 each,1 for $0.1 each 10 for $0.026 each 100 for $0.0124 each 1000 for $0.0068 each 2500 for $0.00557 each
5000 for $0.01947 each 10000 for $0.01777 each 15000 for $0.0169 each 25000 for $0.01592 each 35000 for $0.01533 each 50000 for $0.01476 each 60000 for $0.01449 each 120000 for $0.01354 each 125000 for $0.01349 each,1 for $0.1 each 10 for $0.055 each 25 for $0.046 each 50 for $0.0404 each 100 for $0.0357 each 250 for $0.03032 each 500 for $0.027 each 1000 for $0.02415 each,1 for $0.1 each 10 for $0.055 each 25 for $0.046 each 50 for $0.0404 each 100 for $0.0357 each 250 for $0.03032 each 500 for $0.027 each 1000 for $0.02415 each
5000 for $0.00442 each 10000 for $0.00438 each 15000 for $0.00435 each 25000 for $0.00431 each 35000 for $0.00429 each 50000 for $0.00427 each 60000 for $0.00426 each 120000 for $0.00415 each 125000 for $0.00414 each,1 for $0.1 each 10 for $0.03 each 100 for $0.015 each 1000 for $0.00845 each 2500 for $0.00699 each,1 for $0.1 each 10 for $0.03 each 100 for $0.015 each 1000 for $0.00845 each 2500 for $0.00699 each
5000 for $0.0113 each 10000 for $0.01076 each 15000 for $0.01019 each 25000 for $0.00959 each 35000 for $0.00903 each 50000 for $0.00846 each 60000 for $0.00845 each,1 for $0.1 each 10 for $0.017 each 25 for $0.016 each 50 for $0.0152 each 100 for $0.0144 each 250 for $0.0134 each 500 for $0.01264 each 1000 for $0.01196 each,1 for $0.1 each 10 for $0.017 each 25 for $0.016 each 50 for $0.0152 each 100 for $0.0144 each 250 for $0.0134 each 500 for $0.01264 each 1000 for $0.01196 each
5000 for $0.00233 each 10000 for $0.00221 each 15000 for $0.0022 each 25000 for $0.00218 each 35000 for $0.00217 each 50000 for $0.00216 each 60000 for $0.00215 each 120000 for $0.00199 each 125000 for $0.00198 each,1 for $0.1 each 10 for $0.02 each 25 for $0.0144 each 50 for $0.0114 each 100 for $0.0091 each 250 for $0.00696 each 500 for $0.00574 each 1000 for $0.0048 each,1 for $0.1 each 10 for $0.02 each 25 for $0.0144 each 50 for $0.0114 each 100 for $0.0091 each 250 for $0.00696 each 500 for $0.00574 each 1000 for $0.0048 each
5000 for $0.04696 each 10000 for $0.04448 each 15000 for $0.04251 each 25000 for $0.04128 each 35000 for $0.04054 each 50000 for $0.04033 each 60000 for $0.03811 each,1 for $0.1 each 10 for $0.069 each 25 for $0.0644 each 50 for $0.0608 each 100 for $0.0574 each 250 for $0.05324 each 500 for $0.05038 each 1000 for $0.04774 each,1 for $0.1 each 10 for $0.069 each 25 for $0.0644 each 50 for $0.0608 each 100 for $0.0574 each 250 for $0.05324 each 500 for $0.05038 each 1000 for $0.04774 each
5000 for $0.01304 each 10000 for $0.01243 each 15000 for $0.0121 each 25000 for $0.01172 each 35000 for $0.0115 each,1 for $0.1 each 10 for $0.025 each 25 for $0.0232 each 50 for $0.0222 each 100 for $0.0209 each 250 for $0.0194 each 500 for $0.01832 each 1000 for $0.01733 each,1 for $0.1 each 10 for $0.025 each 25 for $0.0232 each 50 for $0.0222 each 100 for $0.0209 each 250 for $0.0194 each 500 for $0.01832 each 1000 for $0.01733 each
10000 for $0.00331 each 20000 for $0.00326 each 30000 for $0.00324 each 50000 for $0.00322 each 70000 for $0.0032 each 100000 for $0.00319 each 120000 for $0.00318 each 240000 for $0.00309 each 250000 for $0.00308 each,1 for $0.1 each 10 for $0.027 each 100 for $0.0129 each 1000 for $0.00713 each 2500 for $0.00585 each 5000 for $0.00544 each,1 for $0.1 each 10 for $0.027 each 100 for $0.0129 each 1000 for $0.00713 each 2500 for $0.00585 each 5000 for $0.00544 each
15000 for $0.00542 each 30000 for $0.00536 each 45000 for $0.00533 each 75000 for $0.00529 each 105000 for $0.00527 each 150000 for $0.00525 each 180000 for $0.00524 each 360000 for $0.00521 each 375000 for $0.00521 each,1 for $0.1 each 10 for $0.039 each 25 for $0.0296 each 50 for $0.021 each 100 for $0.0146 each 250 for $0.01108 each 5000 for $0.0089 each,1 for $0.1 each 10 for $0.039 each 25 for $0.0296 each 50 for $0.021 each 100 for $0.0146 each 250 for $0.01108 each 5000 for $0.0089 each
5000 for $0.00442 each 10000 for $0.00438 each 15000 for $0.00435 each 25000 for $0.00431 each 35000 for $0.00429 each 50000 for $0.00427 each 60000 for $0.00426 each 120000 for $0.00415 each 125000 for $0.00414 each,1 for $0.1 each 10 for $0.03 each 100 for $0.015 each 1000 for $0.00845 each 2500 for $0.00699 each,1 for $0.1 each 10 for $0.03 each 100 for $0.015 each 1000 for $0.00845 each 2500 for $0.00699 each
10000 for $0.00204 each 20000 for $0.002 each 30000 for $0.00196 each 50000 for $0.00182 each 70000 for $0.00181 each,1 for $0.1 each 10 for $0.011 each 25 for $0.008 each 50 for $0.005 each 100 for $0.0041 each 5000 for $0.00328 each,1 for $0.1 each 10 for $0.011 each 25 for $0.008 each 50 for $0.005 each 100 for $0.0041 each 5000 for $0.00328 each
5000 for $0.00306 each 10000 for $0.00204 each,1 for $0.1 each 10 for $0.009 each 25 for $0.008 each 50 for $0.0052 each,1 for $0.1 each 10 for $0.009 each 25 for $0.008 each 50 for $0.0052 each
10000 for $0.00645 each 20000 for $0.00558 each 30000 for $0.00514 each 50000 for $0.0047 each 70000 for $0.00383 each,1 for $0.1 each 10 for $0.03 each 100 for $0.0148 each 1000 for $0.0084 each 2500 for $0.00795 each,1 for $0.1 each 10 for $0.03 each 100 for $0.0148 each 1000 for $0.0084 each 2500 for $0.00795 each
15000 for $0.00648 each 30000 for $0.00589 each 45000 for $0.00533 each 75000 for $0.00529 each,1 for $0.1 each 10 for $0.039 each 100 for $0.0202 each 1000 for $0.01185 each 2500 for $0.00988 each 5000 for $0.00877 each,1 for $0.1 each 10 for $0.039 each 100 for $0.0202 each 1000 for $0.01185 each 2500 for $0.00988 each 5000 for $0.00877 each
15000 for $0.00779 each 30000 for $0.00718 each 45000 for $0.00689 each 75000 for $0.00657 each 105000 for $0.00639 each 150000 for $0.00622 each 180000 for $0.00614 each 360000 for $0.00587 each 375000 for $0.00586 each,1 for $0.1 each 10 for $0.039 each 100 for $0.0202 each 1000 for $0.01185 each 2500 for $0.00998 each 5000 for $0.0089 each,1 for $0.1 each 10 for $0.039 each 100 for $0.0202 each 1000 for $0.01185 each 2500 for $0.00998 each 5000 for $0.0089 each
5000 for $0.00661 each 10000 for $0.00599 each 15000 for $0.00583 each 25000 for $0.00537 each 35000 for $0.00524 each 50000 for $0.00503 each 60000 for $0.00494 each 120000 for $0.00462 each 125000 for $0.00461 each,1 for $0.1 each 10 for $0.032 each 25 for $0.0244 each 50 for $0.0196 each 100 for $0.0162 each 250 for $0.01272 each 500 for $0.01074 each 1000 for $0.00921 each,1 for $0.1 each 10 for $0.032 each 25 for $0.0244 each 50 for $0.0196 each 100 for $0.0162 each 250 for $0.01272 each 500 for $0.01074 each 1000 for $0.00921 each
5000 for $0.01066 each 10000 for $0.00968 each 15000 for $0.00917 each 25000 for $0.0086 each 35000 for $0.00826 each 50000 for $0.00792 each 60000 for $0.00776 each 120000 for $0.00721 each 125000 for $0.00718 each,1 for $0.1 each 10 for $0.031 each 25 for $0.026 each 50 for $0.0228 each 100 for $0.0201 each 250 for $0.017 each 500 for $0.01506 each 1000 for $0.0134 each,1 for $0.1 each 10 for $0.031 each 25 for $0.026 each 50 for $0.0228 each 100 for $0.0201 each 250 for $0.017 each 500 for $0.01506 each 1000 for $0.0134 each
10000 for $0.00438 each 20000 for $0.00433 each 30000 for $0.00429 each 50000 for $0.00403 each 70000 for $0.00388 each 100000 for $0.00378 each,1 for $0.1 each 10 for $0.028 each 100 for $0.0138 each 1000 for $0.00766 each 2500 for $0.00632 each 5000 for $0.00554 each,1 for $0.1 each 10 for $0.028 each 100 for $0.0138 each 1000 for $0.00766 each 2500 for $0.00632 each 5000 for $0.00554 each
10000 for $0.00653 each 20000 for $0.00539 each 30000 for $0.00536 each 50000 for $0.00532 each 70000 for $0.0053 each 100000 for $0.00528 each 250000 for $0.00523 each 500000 for $0.00519 each 1000000 for $0.00517 each,1 for $0.1 each 10 for $0.041 each 100 for $0.0209 each 1000 for $0.01231 each 2500 for $0.01038 each 5000 for $0.00928 each,1 for $0.1 each 10 for $0.041 each 100 for $0.0209 each 1000 for $0.01231 each 2500 for $0.01038 each 5000 for $0.00928 each
5000 for $0.0066 each 10000 for $0.00546 each 15000 for $0.00542 each 25000 for $0.00521 each 35000 for $0.005 each 50000 for $0.0048 each 60000 for $0.00471 each,1 for $0.1 each 10 for $0.032 each 25 for $0.0236 each 50 for $0.0194 each 100 for $0.0159 each 250 for $0.01244 each 500 for $0.01052 each 1000 for $0.009 each,1 for $0.1 each 10 for $0.032 each 25 for $0.0236 each 50 for $0.0194 each 100 for $0.0159 each 250 for $0.01244 each 500 for $0.01052 each 1000 for $0.009 each
5000 for $0.0052 each,1 for $0.1 each 10 for $0.017 each 25 for $0.0124 each 50 for $0.0102 each,1 for $0.1 each 10 for $0.017 each 25 for $0.0124 each 50 for $0.0102 each
5000 for $0.0403 each,1 for $0.1 each 10 for $0.069 each 25 for $0.0644 each 50 for $0.0608 each 100 for $0.0574 each 250 for $0.05324 each 500 for $0.05038 each 1000 for $0.04774 each,1 for $0.1 each 10 for $0.069 each 25 for $0.0644 each 50 for $0.0608 each 100 for $0.0574 each 250 for $0.05324 each 500 for $0.05038 each 1000 for $0.04774 each
10000 for $0.01233 each 20000 for $0.01129 each 30000 for $0.01076 each 50000 for $0.01015 each 70000 for $0.00979 each 100000 for $0.00944 each 120000 for $0.00927 each 240000 for $0.00869 each 250000 for $0.00866 each,1 for $0.1 each 10 for $0.039 each 25 for $0.0328 each 50 for $0.0288 each 100 for $0.0253 each 250 for $0.0214 each 500 for $0.019 each 1000 for $0.01695 each 5000 for $0.01329 each,1 for $0.1 each 10 for $0.039 each 25 for $0.0328 each 50 for $0.0288 each 100 for $0.0253 each 250 for $0.0214 each 500 for $0.019 each 1000 for $0.01695 each 5000 for $0.01329 each
10000 for $0.00759 each 20000 for $0.00645 each 30000 for $0.00641 each 50000 for $0.00637 each 70000 for $0.00634 each 100000 for $0.00632 each 250000 for $0.00626 each 500000 for $0.00605 each 1000000 for $0.00586 each,1 for $0.1 each 10 for $0.041 each 100 for $0.0209 each 1000 for $0.01231 each 2500 for $0.01038 each 5000 for $0.01009 each,1 for $0.1 each 10 for $0.041 each 100 for $0.0209 each 1000 for $0.01231 each 2500 for $0.01038 each 5000 for $0.01009 each
10000 for $0.05153 each 20000 for $0.04948 each 30000 for $0.0484 each 50000 for $0.04808 each 70000 for $0.04638 each 100000 for $0.04563 each 120000 for $0.04526 each,1 for $0.1 each 10 for $0.082 each 25 for $0.076 each 50 for $0.0716 each 100 for $0.0677 each 250 for $0.0628 each 500 for $0.05748 each 1000 for $0.05637 each 5000 for $0.05032 each,1 for $0.1 each 10 for $0.082 each 25 for $0.076 each 50 for $0.0716 each 100 for $0.0677 each 250 for $0.0628 each 500 for $0.05748 each 1000 for $0.05637 each 5000 for $0.05032 each
15000 for $0.00648 each 30000 for $0.00589 each 45000 for $0.00533 each 75000 for $0.00529 each 105000 for $0.00527 each 150000 for $0.00525 each 180000 for $0.00524 each 360000 for $0.00521 each 375000 for $0.00521 each,1 for $0.1 each 10 for $0.039 each 100 for $0.0202 each 1000 for $0.01185 each 2500 for $0.00988 each 5000 for $0.0089 each,1 for $0.1 each 10 for $0.039 each 100 for $0.0202 each 1000 for $0.01185 each 2500 for $0.00988 each 5000 for $0.0089 each
5000 for $0.00769 each 10000 for $0.00653 each 15000 for $0.00648 each 25000 for $0.00643 each 35000 for $0.0064 each 50000 for $0.00637 each 60000 for $0.00636 each 120000 for $0.00631 each 125000 for $0.0063 each,1 for $0.1 each 10 for $0.041 each 25 for $0.0312 each 50 for $0.0256 each 100 for $0.0212 each 250 for $0.01692 each 500 for $0.01448 each 1000 for $0.01254 each,1 for $0.1 each 10 for $0.041 each 25 for $0.0312 each 50 for $0.0256 each 100 for $0.0212 each 250 for $0.01692 each 500 for $0.01448 each 1000 for $0.01254 each
10000 for $0.00438 each 20000 for $0.00433 each 30000 for $0.00429 each 50000 for $0.00403 each 70000 for $0.00388 each 100000 for $0.00378 each 120000 for $0.00345 each,1 for $0.1 each 10 for $0.028 each 100 for $0.0138 each 1000 for $0.00766 each 2500 for $0.00632 each 5000 for $0.00554 each,1 for $0.1 each 10 for $0.028 each 100 for $0.0138 each 1000 for $0.00766 each 2500 for $0.00632 each 5000 for $0.00554 each
5000 for $0.00747 each 10000 for $0.00653 each 15000 for $0.00648 each 25000 for $0.00643 each 35000 for $0.0064 each 50000 for $0.00637 each 60000 for $0.00632 each 120000 for $0.00607 each 125000 for $0.00606 each,1 for $0.1 each 10 for $0.011 each 25 for $0.0108 each 50 for $0.0102 each 100 for $0.0096 each 250 for $0.00888 each 500 for $0.00838 each 1000 for $0.00792 each,1 for $0.1 each 10 for $0.011 each 25 for $0.0108 each 50 for $0.0102 each 100 for $0.0096 each 250 for $0.00888 each 500 for $0.00838 each 1000 for $0.00792 each
5000 for $0.04601 each 10000 for $0.0398 each 15000 for $0.03944 each 25000 for $0.03818 each 35000 for $0.03811 each,1 for $0.1 each 10 for $0.069 each 25 for $0.0644 each 50 for $0.0608 each 100 for $0.0574 each 250 for $0.05324 each 500 for $0.05038 each 1000 for $0.04774 each,1 for $0.1 each 10 for $0.069 each 25 for $0.0644 each 50 for $0.0608 each 100 for $0.0574 each 250 for $0.05324 each 500 for $0.05038 each 1000 for $0.04774 each
10000 for $0.00331 each 20000 for $0.00326 each 30000 for $0.00324 each 50000 for $0.00322 each 70000 for $0.0032 each 100000 for $0.00319 each 120000 for $0.00318 each 240000 for $0.00309 each 250000 for $0.00308 each,1 for $0.1 each 10 for $0.027 each 100 for $0.0129 each 1000 for $0.00713 each 2500 for $0.00585 each 5000 for $0.00544 each,1 for $0.1 each 10 for $0.027 each 100 for $0.0129 each 1000 for $0.00713 each 2500 for $0.00585 each 5000 for $0.00544 each
5000 for $0.00306 each 10000 for $0.00255 each 15000 for $0.00247 each 125000 for $0.00246 each,1 for $0.1 each 10 for $0.009 each 25 for $0.0072 each 50 for $0.0052 each,1 for $0.1 each 10 for $0.009 each 25 for $0.0072 each 50 for $0.0052 each
10000 for $0.00286 each 20000 for $0.00253 each 30000 for $0.00237 each 50000 for $0.0022 each 70000 for $0.0021 each 100000 for $0.002 each 120000 for $0.00196 each 240000 for $0.00182 each 250000 for $0.00181 each,1 for $0.1 each 10 for $0.009 each 100 for $0.0071 each 1000 for $0.0051 each 2500 for $0.00408 each,1 for $0.1 each 10 for $0.009 each 100 for $0.0071 each 1000 for $0.0051 each 2500 for $0.00408 each
5000 for $0.01732 each 10000 for $0.01608 each 15000 for $0.01546 each 25000 for $0.01484 each 35000 for $0.01425 each 50000 for $0.01368 each 60000 for $0.01365 each 120000 for $0.01356 each,1 for $0.1 each 10 for $0.027 each 25 for $0.0248 each 50 for $0.0234 each 100 for $0.0222 each 250 for $0.02056 each 500 for $0.01944 each 1000 for $0.01839 each,1 for $0.1 each 10 for $0.027 each 25 for $0.0248 each 50 for $0.0234 each 100 for $0.0222 each 250 for $0.02056 each 500 for $0.01944 each 1000 for $0.01839 each
5000 for $0.00204 each,1 for $0.1 each 10 for $0.008 each 25 for $0.0072 each 50 for $0.0062 each 100 for $0.0051 each 250 for $0.005 each,1 for $0.1 each 10 for $0.008 each 25 for $0.0072 each 50 for $0.0062 each 100 for $0.0051 each 250 for $0.005 each
5000 for $0.00751 each 10000 for $0.00653 each 15000 for $0.00595 each 25000 for $0.00537 each 35000 for $0.00535 each 50000 for $0.00532 each 60000 for $0.00531 each 120000 for $0.00509 each 125000 for $0.00507 each,1 for $0.1 each 10 for $0.034 each 100 for $0.0173 each 1000 for $0.00995 each 2500 for $0.0083 each,1 for $0.1 each 10 for $0.034 each 100 for $0.0173 each 1000 for $0.00995 each 2500 for $0.0083 each
10000 for $0.00458 each 20000 for $0.00398 each 30000 for $0.00376 each 50000 for $0.00375 each 70000 for $0.00298 each,1 for $0.1 each 10 for $0.026 each 25 for $0.0192 each 50 for $0.0154 each 100 for $0.0125 each 250 for $0.00968 each 500 for $0.007 each 1000 for $0.00685 each 5000 for $0.0049 each,1 for $0.1 each 10 for $0.026 each 25 for $0.0192 each 50 for $0.0154 each 100 for $0.0125 each 250 for $0.00968 each 500 for $0.007 each 1000 for $0.00685 each 5000 for $0.0049 each
15000 for $0.00779 each 30000 for $0.00718 each 45000 for $0.00689 each 75000 for $0.00657 each 105000 for $0.00639 each 150000 for $0.00622 each 375000 for $0.00586 each 750000 for $0.00565 each 1500000 for $0.00548 each,1 for $0.1 each 10 for $0.039 each 100 for $0.0202 each 1000 for $0.01185 each 2500 for $0.00998 each 5000 for $0.0089 each,1 for $0.1 each 10 for $0.039 each 100 for $0.0202 each 1000 for $0.01185 each 2500 for $0.00998 each 5000 for $0.0089 each
10000 for $0.00361 each 20000 for $0.00326 each 30000 for $0.00309 each 50000 for $0.00289 each 70000 for $0.00277 each 100000 for $0.00265 each 120000 for $0.0026 each 240000 for $0.0024 each 250000 for $0.00239 each,1 for $0.1 each 10 for $0.013 each 25 for $0.0104 each 50 for $0.0092 each 100 for $0.008 each 250 for $0.00676 each 500 for $0.00594 each 1000 for $0.00524 each 5000 for $0.00401 each,1 for $0.1 each 10 for $0.013 each 25 for $0.0104 each 50 for $0.0092 each 100 for $0.008 each 250 for $0.00676 each 500 for $0.00594 each 1000 for $0.00524 each 5000 for $0.00401 each
5000 for $0.01152 each,1 for $0.1 each 10 for $0.024 each 25 for $0.0224 each 50 for $0.0214 each,1 for $0.1 each 10 for $0.024 each 25 for $0.0224 each 50 for $0.0214 each
5000 for $0.05362 each 10000 for $0.04927 each 15000 for $0.04128 each 35000 for $0.04054 each 50000 for $0.0398 each 60000 for $0.03944 each 120000 for $0.03818 each 125000 for $0.03811 each,1 for $0.1 each 10 for $0.093 each 25 for $0.0796 each 50 for $0.0774 each 100 for $0.0607 each 250 for $0.05728 each 500 for $0.05038 each 1000 for $0.04774 each,1 for $0.1 each 10 for $0.093 each 25 for $0.0796 each 50 for $0.0774 each 100 for $0.0607 each 250 for $0.05728 each 500 for $0.05038 each 1000 for $0.04774 each
5000 for $0.00306 each 10000 for $0.00204 each,1 for $0.1 each 10 for $0.009 each 25 for $0.0072 each 50 for $0.0062 each 100 for $0.0051 each,1 for $0.1 each 10 for $0.009 each 25 for $0.0072 each 50 for $0.0062 each 100 for $0.0051 each
10000 for $0.00204 each 20000 for $0.00182 each 30000 for $0.00181 each,1 for $0.1 each 10 for $0.009 each 25 for $0.008 each 50 for $0.005 each 100 for $0.0041 each 5000 for $0.00306 each,1 for $0.1 each 10 for $0.009 each 25 for $0.008 each 50 for $0.005 each 100 for $0.0041 each 5000 for $0.00306 each
5000 for $0.03743 each 10000 for $0.03604 each 15000 for $0.03587 each 25000 for $0.03567 each 35000 for $0.03555 each 50000 for $0.03525 each 60000 for $0.03493 each 120000 for $0.0338 each 125000 for $0.03373 each,1 for $0.1 each 10 for $0.061 each 25 for $0.0572 each 50 for $0.054 each 100 for $0.051 each 250 for $0.04728 each 500 for $0.04474 each 1000 for $0.04239 each,1 for $0.1 each 10 for $0.061 each 25 for $0.0572 each 50 for $0.054 each 100 for $0.051 each 250 for $0.04728 each 500 for $0.04474 each 1000 for $0.04239 each
10000 for $0.01882 each 20000 for $0.01731 each 30000 for $0.01653 each 50000 for $0.01565 each 70000 for $0.01513 each 100000 for $0.01462 each 120000 for $0.01437 each 240000 for $0.01353 each 250000 for $0.01348 each,1 for $0.1 each 10 for $0.058 each 25 for $0.0488 each 50 for $0.0428 each 100 for $0.0377 each 250 for $0.03208 each 500 for $0.02856 each 1000 for $0.02557 each 5000 for $0.02023 each,1 for $0.1 each 10 for $0.058 each 25 for $0.0488 each 50 for $0.0428 each 100 for $0.0377 each 250 for $0.03208 each 500 for $0.02856 each 1000 for $0.02557 each 5000 for $0.02023 each
5000 for $0.04554 each 10000 for $0.04356 each 15000 for $0.04251 each 25000 for $0.04128 each 35000 for $0.04117 each 50000 for $0.03811 each,1 for $0.1 each 10 for $0.069 each 25 for $0.0644 each 50 for $0.0608 each 100 for $0.0574 each 250 for $0.05324 each 500 for $0.05038 each 1000 for $0.04774 each,1 for $0.1 each 10 for $0.069 each 25 for $0.0644 each 50 for $0.0608 each 100 for $0.0574 each 250 for $0.05324 each 500 for $0.05038 each 1000 for $0.04774 each
10000 for $0.0055 each 20000 for $0.005 each 30000 for $0.00474 each 50000 for $0.00444 each 70000 for $0.00427 each 100000 for $0.0041 each 120000 for $0.00402 each 240000 for $0.00374 each 250000 for $0.00372 each,1 for $0.1 each 10 for $0.019 each 25 for $0.0156 each 50 for $0.0138 each 100 for $0.012 each 250 for $0.01008 each 500 for $0.0089 each 1000 for $0.0079 each 5000 for $0.00609 each,1 for $0.1 each 10 for $0.019 each 25 for $0.0156 each 50 for $0.0138 each 100 for $0.012 each 250 for $0.01008 each 500 for $0.0089 each 1000 for $0.0079 each 5000 for $0.00609 each
5000 for $0.03743 each 10000 for $0.03657 each 15000 for $0.03639 each 25000 for $0.03619 each 35000 for $0.03562 each 50000 for $0.03496 each 60000 for $0.03464 each 120000 for $0.03352 each 125000 for $0.03346 each,1 for $0.1 each 10 for $0.061 each 25 for $0.0568 each 50 for $0.0536 each 100 for $0.0506 each 250 for $0.04692 each 500 for $0.04438 each 1000 for $0.04206 each,1 for $0.1 each 10 for $0.061 each 25 for $0.0568 each 50 for $0.0536 each 100 for $0.0506 each 250 for $0.04692 each 500 for $0.04438 each 1000 for $0.04206 each
5000 for $0.04601 each 10000 for $0.04054 each 15000 for $0.0398 each 25000 for $0.03944 each 120000 for $0.03818 each 125000 for $0.03811 each,1 for $0.1 each 10 for $0.069 each 25 for $0.0644 each 50 for $0.0608 each 100 for $0.0574 each 250 for $0.05324 each 500 for $0.05038 each 1000 for $0.04774 each,1 for $0.1 each 10 for $0.069 each 25 for $0.0644 each 50 for $0.0608 each 100 for $0.0574 each 250 for $0.05324 each 500 for $0.05038 each 1000 for $0.04774 each
5000 for $0.04554 each 10000 for $0.04544 each 15000 for $0.03811 each 25000 for $0.03702 each,1 for $0.1 each 10 for $0.069 each 25 for $0.0644 each 50 for $0.0608 each 100 for $0.0574 each 250 for $0.05324 each 500 for $0.05038 each 1000 for $0.04774 each,1 for $0.1 each 10 for $0.069 each 25 for $0.0644 each 50 for $0.0608 each 100 for $0.0574 each 250 for $0.05324 each 500 for $0.05038 each 1000 for $0.04774 each
Tape & Reel (TR),Cut Tape (CT),Digi-Reel®
10000 for $0.0055 each 20000 for $0.005 each 30000 for $0.00474 each 50000 for $0.00444 each 70000 for $0.00427 each 100000 for $0.0041 each 120000 for $0.00402 each 240000 for $0.00374 each 250000 for $0.00372 each,1 for $0.1 each 10 for $0.019 each 25 for $0.0156 each 50 for $0.0138 each 100 for $0.012 each 250 for $0.01008 each 500 for $0.0089 each 1000 for $0.0079 each 5000 for $0.00609 each,1 for $0.1 each 10 for $0.019 each 25 for $0.0156 each 50 for $0.0138 each 100 for $0.012 each 250 for $0.01008 each 500 for $0.0089 each 1000 for $0.0079 each 5000 for $0.00609 each
10000 for $0.00221 each 20000 for $0.00219 each 30000 for $0.00218 each 50000 for $0.00216 each 70000 for $0.00213 each 100000 for $0.00204 each 120000 for $0.00199 each 240000 for $0.00189 each,1 for $0.1 each 10 for $0.02 each 25 for $0.0144 each 50 for $0.0114 each 100 for $0.0076 each 250 for $0.00556 each 1000 for $0.0048 each 5000 for $0.00333 each,1 for $0.1 each 10 for $0.02 each 25 for $0.0144 each 50 for $0.0114 each 100 for $0.0076 each 250 for $0.00556 each 1000 for $0.0048 each 5000 for $0.00333 each
5000 for $0.00442 each 10000 for $0.00385 each 15000 for $0.00382 each 25000 for $0.00325 each 35000 for $0.0027 each 50000 for $0.00216 each 60000 for $0.00215 each,1 for $0.1 each 10 for $0.026 each 100 for $0.0124 each 1000 for $0.0068 each 2500 for $0.00557 each,1 for $0.1 each 10 for $0.026 each 100 for $0.0124 each 1000 for $0.0068 each 2500 for $0.00557 each
10000 for $0.00866 each 20000 for $0.00857 each 30000 for $0.00852 each 50000 for $0.00824 each 70000 for $0.008 each 100000 for $0.00778 each 250000 for $0.00768 each,1 for $0.1 each 10 for $0.045 each 25 for $0.0344 each 50 for $0.0278 each 100 for $0.0184 each 250 for $0.01512 each 500 for $0.01366 each 5000 for $0.01076 each,1 for $0.1 each 10 for $0.045 each 25 for $0.0344 each 50 for $0.0278 each 100 for $0.0184 each 250 for $0.01512 each 500 for $0.01366 each 5000 for $0.01076 each
5000 for $0.00751 each 10000 for $0.00674 each 15000 for $0.00637 each 25000 for $0.00597 each 35000 for $0.00574 each 50000 for $0.00553 each 60000 for $0.00542 each 120000 for $0.00509 each 125000 for $0.00507 each,1 for $0.1 each 10 for $0.034 each 100 for $0.0173 each 1000 for $0.00995 each 2500 for $0.0083 each,1 for $0.1 each 10 for $0.034 each 100 for $0.0173 each 1000 for $0.00995 each 2500 for $0.0083 each
4000 for $0.01418 each 8000 for $0.01189 each 12000 for $0.01128 each 20000 for $0.0112 each 28000 for $0.01063 each 40000 for $0.01058 each 48000 for $0.01056 each 96000 for $0.01037 each 100000 for $0.01033 each,1 for $0.1 each 10 for $0.043 each 25 for $0.0364 each 50 for $0.0318 each 100 for $0.0279 each 250 for $0.02368 each 500 for $0.02104 each 1000 for $0.01879 each,1 for $0.1 each 10 for $0.043 each 25 for $0.0364 each 50 for $0.0318 each 100 for $0.0279 each 250 for $0.02368 each 500 for $0.02104 each 1000 for $0.01879 each
10000 for $0.00401 each 20000 for $0.00363 each 30000 for $0.00343 each 50000 for $0.00321 each 70000 for $0.00308 each 100000 for $0.00295 each 120000 for $0.00289 each 240000 for $0.00268 each 250000 for $0.00267 each,1 for $0.1 each 10 for $0.014 each 25 for $0.0116 each 50 for $0.01 each 100 for $0.0087 each 250 for $0.00732 each 500 for $0.00644 each 1000 for $0.0057 each 5000 for $0.00436 each,1 for $0.1 each 10 for $0.014 each 25 for $0.0116 each 50 for $0.01 each 100 for $0.0087 each 250 for $0.00732 each 500 for $0.00644 each 1000 for $0.0057 each 5000 for $0.00436 each
10000 for $0.00204 each 20000 for $0.002 each 120000 for $0.00196 each 240000 for $0.00182 each 250000 for $0.00181 each,1 for $0.1 each 10 for $0.008 each 25 for $0.0072 each 50 for $0.005 each 100 for $0.0041 each 5000 for $0.00328 each,1 for $0.1 each 10 for $0.008 each 25 for $0.0072 each 50 for $0.005 each 100 for $0.0041 each 5000 for $0.00328 each
10000 for $0.00438 each 20000 for $0.00326 each 30000 for $0.00324 each 50000 for $0.00322 each 70000 for $0.0032 each 100000 for $0.00319 each 120000 for $0.00318 each 240000 for $0.00299 each 250000 for $0.00298 each,1 for $0.1 each 10 for $0.026 each 25 for $0.0192 each 50 for $0.0154 each 100 for $0.0125 each 250 for $0.00968 each 500 for $0.007 each 1000 for $0.00685 each 5000 for $0.0049 each,1 for $0.1 each 10 for $0.026 each 25 for $0.0192 each 50 for $0.0154 each 100 for $0.0125 each 250 for $0.00968 each 500 for $0.007 each 1000 for $0.00685 each 5000 for $0.0049 each
5000 for $0.04601 each 10000 for $0.04128 each 15000 for $0.03818 each 125000 for $0.03811 each,1 for $0.1 each 10 for $0.069 each 25 for $0.0644 each 50 for $0.0608 each 100 for $0.0574 each 250 for $0.05324 each 500 for $0.05038 each 1000 for $0.04774 each,1 for $0.1 each 10 for $0.069 each 25 for $0.0644 each 50 for $0.0608 each 100 for $0.0574 each 250 for $0.05324 each 500 for $0.05038 each 1000 for $0.04774 each
5000 for $0.01765 each 10000 for $0.0161 each 15000 for $0.0153 each 25000 for $0.0144 each 35000 for $0.01386 each 50000 for $0.01334 each 60000 for $0.01309 each 120000 for $0.01222 each 125000 for $0.01218 each,1 for $0.1 each 10 for $0.05 each 25 for $0.042 each 50 for $0.037 each 100 for $0.0325 each 250 for $0.0276 each 500 for $0.02454 each 1000 for $0.02194 each,1 for $0.1 each 10 for $0.05 each 25 for $0.042 each 50 for $0.037 each 100 for $0.0325 each 250 for $0.0276 each 500 for $0.02454 each 1000 for $0.02194 each
5000 for $0.05352 each 10000 for $0.05122 each 15000 for $0.05 each 25000 for $0.04972 each 35000 for $0.04645 each 50000 for $0.04499 each 125000 for $0.04491 each,1 for $0.1 each 10 for $0.081 each 25 for $0.0756 each 50 for $0.0712 each 100 for $0.0673 each 250 for $0.06244 each 500 for $0.0591 each 1000 for $0.05604 each,1 for $0.1 each 10 for $0.081 each 25 for $0.0756 each 50 for $0.0712 each 100 for $0.0673 each 250 for $0.06244 each 500 for $0.0591 each 1000 for $0.05604 each
10000 for $0.0054 each 20000 for $0.0049 each 30000 for $0.00465 each 50000 for $0.00436 each 70000 for $0.00418 each 100000 for $0.00402 each 120000 for $0.00394 each 240000 for $0.00366 each 250000 for $0.00364 each,1 for $0.1 each 10 for $0.018 each 25 for $0.0152 each 50 for $0.0132 each 100 for $0.0116 each 250 for $0.00972 each 500 for $0.00858 each 1000 for $0.00761 each 5000 for $0.00586 each,1 for $0.1 each 10 for $0.018 each 25 for $0.0152 each 50 for $0.0132 each 100 for $0.0116 each 250 for $0.00972 each 500 for $0.00858 each 1000 for $0.00761 each 5000 for $0.00586 each
5000 for $0.03954 each 10000 for $0.03709 each 15000 for $0.03639 each 25000 for $0.03619 each 35000 for $0.03562 each 50000 for $0.03496 each 60000 for $0.03464 each 120000 for $0.03352 each 125000 for $0.03346 each,1 for $0.1 each 10 for $0.061 each 25 for $0.0568 each 50 for $0.0536 each 100 for $0.0506 each 250 for $0.04692 each 500 for $0.04438 each 1000 for $0.04206 each,1 for $0.1 each 10 for $0.061 each 25 for $0.0568 each 50 for $0.0536 each 100 for $0.0506 each 250 for $0.04692 each 500 for $0.04438 each 1000 for $0.04206 each
10000 for $0.01396 each 20000 for $0.01278 each 30000 for $0.01219 each 50000 for $0.0116 each,1 for $0.1 each 10 for $0.024 each 25 for $0.0224 each 50 for $0.0212 each 100 for $0.0201 each 250 for $0.0186 each 500 for $0.01758 each 1000 for $0.01662 each 5000 for $0.01471 each,1 for $0.1 each 10 for $0.024 each 25 for $0.0224 each 50 for $0.0212 each 100 for $0.0201 each 250 for $0.0186 each 500 for $0.01758 each 1000 for $0.01662 each 5000 for $0.01471 each
10000 for $0.01396 each 20000 for $0.01278 each 30000 for $0.01219 each 50000 for $0.0116 each,1 for $0.1 each 10 for $0.024 each 25 for $0.0224 each 50 for $0.0212 each 100 for $0.0201 each 250 for $0.0186 each 500 for $0.01758 each 1000 for $0.01662 each 5000 for $0.01471 each,1 for $0.1 each 10 for $0.024 each 25 for $0.0224 each 50 for $0.0212 each 100 for $0.0201 each 250 for $0.0186 each 500 for $0.01758 each 1000 for $0.01662 each 5000 for $0.01471 each
5000 for $0.04008 each 10000 for $0.03709 each 15000 for $0.03639 each 25000 for $0.03619 each 35000 for $0.03562 each 50000 for $0.03496 each 60000 for $0.03464 each 120000 for $0.03352 each 125000 for $0.03346 each,1 for $0.1 each 10 for $0.061 each 25 for $0.0568 each 50 for $0.0536 each 100 for $0.0506 each 250 for $0.04692 each 500 for $0.04438 each 1000 for $0.04206 each,1 for $0.1 each 10 for $0.061 each 25 for $0.0568 each 50 for $0.0536 each 100 for $0.0506 each 250 for $0.04692 each 500 for $0.04438 each 1000 for $0.04206 each
5000 for $0.00408 each 10000 for $0.00306 each,1 for $0.1 each 10 for $0.011 each 25 for $0.0108 each 50 for $0.0102 each 100 for $0.0092 each 250 for $0.00816 each 1000 for $0.00748 each,1 for $0.1 each 10 for $0.011 each 25 for $0.0108 each 50 for $0.0102 each 100 for $0.0092 each 250 for $0.00816 each 1000 for $0.00748 each
5000 for $0.00546 each 10000 for $0.00546 each 15000 for $0.00542 each 25000 for $0.00537 each 35000 for $0.00535 each 50000 for $0.00532 each 60000 for $0.00531 each 120000 for $0.00509 each 125000 for $0.00507 each,1 for $0.1 each 10 for $0.034 each 100 for $0.0173 each 1000 for $0.00995 each 2500 for $0.0083 each,1 for $0.1 each 10 for $0.034 each 100 for $0.0173 each 1000 for $0.00995 each 2500 for $0.0083 each
5000 for $0.00331 each 10000 for $0.00297 each 15000 for $0.0028 each 25000 for $0.0026 each 35000 for $0.00248 each 50000 for $0.00237 each 60000 for $0.00231 each 120000 for $0.00212 each 125000 for $0.00211 each,1 for $0.1 each 10 for $0.011 each 25 for $0.0088 each 50 for $0.0076 each 100 for $0.0067 each 250 for $0.0056 each 500 for $0.00492 each 1000 for $0.00435 each,1 for $0.1 each 10 for $0.011 each 25 for $0.0088 each 50 for $0.0076 each 100 for $0.0067 each 250 for $0.0056 each 500 for $0.00492 each 1000 for $0.00435 each,40000 for $0.002 each
5000 for $0.03848 each 10000 for $0.03709 each 15000 for $0.03691 each 25000 for $0.03658 each 35000 for $0.03591 each 50000 for $0.03525 each 60000 for $0.03493 each 120000 for $0.0338 each 125000 for $0.03373 each,1 for $0.1 each 10 for $0.061 each 25 for $0.0572 each 50 for $0.054 each 100 for $0.051 each 250 for $0.04728 each 500 for $0.04474 each 1000 for $0.04239 each,1 for $0.1 each 10 for $0.061 each 25 for $0.0572 each 50 for $0.054 each 100 for $0.051 each 250 for $0.04728 each 500 for $0.04474 each 1000 for $0.04239 each
5000 for $0.03954 each 10000 for $0.03814 each 15000 for $0.03738 each 25000 for $0.03629 each 35000 for $0.03562 each 50000 for $0.03496 each 60000 for $0.03464 each 120000 for $0.03379 each 125000 for $0.03346 each,1 for $0.1 each 10 for $0.061 each 25 for $0.0568 each 50 for $0.0536 each 100 for $0.0506 each 250 for $0.04692 each 500 for $0.04438 each 1000 for $0.04206 each,1 for $0.1 each 10 for $0.061 each 25 for $0.0568 each 50 for $0.0536 each 100 for $0.0506 each 250 for $0.04692 each 500 for $0.04438 each 1000 for $0.04206 each
10000 for $0.05153 each 20000 for $0.04948 each 30000 for $0.0484 each 50000 for $0.04808 each 70000 for $0.04526 each,1 for $0.1 each 10 for $0.082 each 25 for $0.076 each 50 for $0.0716 each 100 for $0.0677 each 250 for $0.0628 each 500 for $0.05748 each 1000 for $0.05637 each 5000 for $0.05032 each,1 for $0.1 each 10 for $0.082 each 25 for $0.076 each 50 for $0.0716 each 100 for $0.0677 each 250 for $0.0628 each 500 for $0.05748 each 1000 for $0.05637 each 5000 for $0.05032 each
15000 for $0.00648 each 30000 for $0.00641 each 45000 for $0.00638 each 75000 for $0.00634 each 105000 for $0.00632 each 150000 for $0.00622 each 180000 for $0.00614 each 360000 for $0.00587 each 375000 for $0.00586 each,1 for $0.1 each 10 for $0.039 each 100 for $0.0202 each 1000 for $0.01185 each 2500 for $0.00988 each 5000 for $0.0089 each,1 for $0.1 each 10 for $0.039 each 100 for $0.0202 each 1000 for $0.01185 each 2500 for $0.00988 each 5000 for $0.0089 each
10000 for $0.00503 each 20000 for $0.00453 each 30000 for $0.00429 each 50000 for $0.00403 each 70000 for $0.00388 each 100000 for $0.00378 each,1 for $0.1 each 10 for $0.028 each 100 for $0.0138 each 1000 for $0.00766 each 2500 for $0.00632 each 5000 for $0.00554 each,1 for $0.1 each 10 for $0.028 each 100 for $0.0138 each 1000 for $0.00766 each 2500 for $0.00632 each 5000 for $0.00554 each
5000 for $0.05533 each 10000 for $0.05172 each 15000 for $0.05149 each 25000 for $0.05024 each 35000 for $0.04935 each 50000 for $0.04847 each 60000 for $0.04804 each 120000 for $0.04654 each 125000 for $0.04646 each,1 for $0.1 each 10 for $0.084 each 25 for $0.078 each 50 for $0.0736 each 100 for $0.0695 each 250 for $0.06452 each 500 for $0.06108 each 1000 for $0.05792 each,1 for $0.1 each 10 for $0.084 each 25 for $0.078 each 50 for $0.0736 each 100 for $0.0695 each 250 for $0.06452 each 500 for $0.06108 each 1000 for $0.05792 each
5000 for $0.03672 each 10000 for $0.03264 each,1 for $0.1 each 10 for $0.065 each 25 for $0.058 each 50 for $0.055 each 100 for $0.0479 each 250 for $0.04592 each 1000 for $0.04432 each,1 for $0.1 each 10 for $0.065 each 25 for $0.058 each 50 for $0.055 each 100 for $0.0479 each 250 for $0.04592 each 1000 for $0.04432 each
5000 for $0.00233 each 10000 for $0.00221 each 15000 for $0.0022 each 25000 for $0.00218 each 35000 for $0.00217 each 50000 for $0.00216 each 60000 for $0.00215 each 120000 for $0.00199 each 125000 for $0.00198 each,1 for $0.1 each 10 for $0.02 each 25 for $0.0144 each 50 for $0.0114 each 100 for $0.0091 each 250 for $0.00696 each 500 for $0.00574 each 1000 for $0.0048 each,1 for $0.1 each 10 for $0.02 each 25 for $0.0144 each 50 for $0.0114 each 100 for $0.0091 each 250 for $0.00696 each 500 for $0.00574 each 1000 for $0.0048 each
5000 for $0.00728 each 10000 for $0.00654 each 15000 for $0.00618 each 25000 for $0.00579 each 35000 for $0.00556 each 50000 for $0.00535 each 60000 for $0.00525 each 120000 for $0.00493 each 125000 for $0.00491 each,1 for $0.1 each 10 for $0.034 each 100 for $0.0172 each 1000 for $0.00985 each 2500 for $0.00822 each,1 for $0.1 each 10 for $0.034 each 100 for $0.0172 each 1000 for $0.00985 each 2500 for $0.00822 each
5000 for $0.00714 each 10000 for $0.0052 each,1 for $0.1 each 10 for $0.021 each 25 for $0.0184 each 50 for $0.0112 each 100 for $0.0102 each,1 for $0.1 each 10 for $0.021 each 25 for $0.0184 each 50 for $0.0112 each 100 for $0.0102 each
5000 for $0.06125 each 10000 for $0.05598 each 15000 for $0.05149 each 25000 for $0.05004 each 35000 for $0.04915 each 50000 for $0.04827 each 60000 for $0.04784 each 120000 for $0.04635 each 125000 for $0.04627 each,1 for $0.1 each 10 for $0.084 each 25 for $0.0776 each 50 for $0.0734 each 100 for $0.0693 each 250 for $0.06428 each 500 for $0.06084 each 1000 for $0.05769 each,1 for $0.1 each 10 for $0.084 each 25 for $0.0776 each 50 for $0.0734 each 100 for $0.0693 each 250 for $0.06428 each 500 for $0.06084 each 1000 for $0.05769 each
10000 for $0.05153 each 20000 for $0.04948 each 30000 for $0.0484 each 50000 for $0.04808 each 70000 for $0.04526 each,1 for $0.1 each 10 for $0.082 each 25 for $0.076 each 50 for $0.0716 each 100 for $0.0677 each 250 for $0.0628 each 500 for $0.05748 each 1000 for $0.05637 each 5000 for $0.05032 each,1 for $0.1 each 10 for $0.082 each 25 for $0.076 each 50 for $0.0716 each 100 for $0.0677 each 250 for $0.0628 each 500 for $0.05748 each 1000 for $0.05637 each 5000 for $0.05032 each
3000 for $0.04619 each 6000 for $0.04574 each 9000 for $0.04551 each 15000 for $0.04525 each 21000 for $0.04509 each 30000 for $0.04493 each 36000 for $0.04486 each 72000 for $0.04459 each,1 for $0.1 each 10 for $0.081 each 25 for $0.0756 each 50 for $0.0712 each 100 for $0.0595 each 250 for $0.04976 each,1 for $0.1 each 10 for $0.081 each 25 for $0.0756 each 50 for $0.0712 each 100 for $0.0595 each 250 for $0.04976 each
5000 for $0.04008 each 10000 for $0.03832 each 15000 for $0.03738 each 25000 for $0.03629 each 35000 for $0.03562 each 50000 for $0.03496 each 60000 for $0.03464 each 120000 for $0.03352 each 125000 for $0.03346 each,1 for $0.1 each 10 for $0.061 each 25 for $0.0568 each 50 for $0.0536 each 100 for $0.0506 each 250 for $0.04692 each 500 for $0.04438 each 1000 for $0.04206 each,1 for $0.1 each 10 for $0.061 each 25 for $0.0568 each 50 for $0.0536 each 100 for $0.0506 each 250 for $0.04692 each 500 for $0.04438 each 1000 for $0.04206 each
10000 for $0.05153 each 20000 for $0.04948 each 30000 for $0.0484 each 50000 for $0.04526 each,1 for $0.1 each 10 for $0.082 each 25 for $0.076 each 50 for $0.0716 each 100 for $0.0677 each 250 for $0.0628 each 500 for $0.05748 each 1000 for $0.05637 each 5000 for $0.05032 each,1 for $0.1 each 10 for $0.082 each 25 for $0.076 each 50 for $0.0716 each 100 for $0.0677 each 250 for $0.0628 each 500 for $0.05748 each 1000 for $0.05637 each 5000 for $0.05032 each
10000 for $0.05153 each 20000 for $0.04948 each 30000 for $0.04884 each 50000 for $0.04526 each,1 for $0.1 each 10 for $0.082 each 25 for $0.076 each 50 for $0.0716 each 100 for $0.0677 each 250 for $0.0628 each 500 for $0.05944 each 1000 for $0.05637 each 5000 for $0.05032 each,1 for $0.1 each 10 for $0.082 each 25 for $0.076 each 50 for $0.0716 each 100 for $0.0677 each 250 for $0.0628 each 500 for $0.05944 each 1000 for $0.05637 each 5000 for $0.05032 each
10000 for $0.0459 each 20000 for $0.04488 each 30000 for $0.03778 each,1 for $0.1 each 10 for $0.083 each 25 for $0.0736 each 50 for $0.0694 each 100 for $0.0612 each 250 for $0.05816 each 500 for $0.04692 each 5000 for $0.04564 each,1 for $0.1 each 10 for $0.083 each 25 for $0.0736 each 50 for $0.0694 each 100 for $0.0612 each 250 for $0.05816 each 500 for $0.04692 each 5000 for $0.04564 each
5000 for $0.03366 each 10000 for $0.03264 each,1 for $0.1 each 10 for $0.082 each 25 for $0.0724 each 50 for $0.0674 each 100 for $0.0571 each 250 for $0.04896 each 500 for $0.04676 each 1000 for $0.04432 each,1 for $0.1 each 10 for $0.082 each 25 for $0.0724 each 50 for $0.0674 each 100 for $0.0571 each 250 for $0.04896 each 500 for $0.04676 each 1000 for $0.04432 each
10000 for $0.05153 each 20000 for $0.04948 each 30000 for $0.0484 each 50000 for $0.04808 each 70000 for $0.04526 each,1 for $0.1 each 10 for $0.082 each 25 for $0.076 each 50 for $0.0716 each 100 for $0.0677 each 250 for $0.0628 each 500 for $0.05748 each 1000 for $0.05637 each 5000 for $0.05032 each,1 for $0.1 each 10 for $0.082 each 25 for $0.076 each 50 for $0.0716 each 100 for $0.0677 each 250 for $0.0628 each 500 for $0.05748 each 1000 for $0.05637 each 5000 for $0.05032 each
5000 for $0.06125 each 10000 for $0.05598 each 15000 for $0.04764 each 25000 for $0.04628 each 35000 for $0.04545 each 50000 for $0.04463 each 60000 for $0.04424 each 120000 for $0.04284 each 125000 for $0.04277 each,1 for $0.1 each 10 for $0.077 each 25 for $0.072 each 50 for $0.068 each 100 for $0.0642 each 250 for $0.05956 each 500 for $0.05636 each 1000 for $0.05343 each,1 for $0.1 each 10 for $0.077 each 25 for $0.072 each 50 for $0.068 each 100 for $0.0642 each 250 for $0.05956 each 500 for $0.05636 each 1000 for $0.05343 each
10000 for $0.05153 each 20000 for $0.04948 each 30000 for $0.0484 each 50000 for $0.04714 each 70000 for $0.04638 each 100000 for $0.04563 each 120000 for $0.04526 each,1 for $0.1 each 10 for $0.082 each 25 for $0.076 each 50 for $0.0716 each 100 for $0.0677 each 250 for $0.0628 each 500 for $0.05944 each 1000 for $0.05637 each 5000 for $0.05032 each,1 for $0.1 each 10 for $0.082 each 25 for $0.076 each 50 for $0.0716 each 100 for $0.0677 each 250 for $0.0628 each 500 for $0.05944 each 1000 for $0.05637 each 5000 for $0.05032 each
10000 for $0.04023 each 20000 for $0.03992 each,1 for $0.1 each 10 for $0.076 each 25 for $0.0708 each 50 for $0.067 each 100 for $0.0633 each 250 for $0.05504 each 500 for $0.04838 each 5000 for $0.04705 each,1 for $0.1 each 10 for $0.076 each 25 for $0.0708 each 50 for $0.067 each 100 for $0.0633 each 250 for $0.05504 each 500 for $0.04838 each 5000 for $0.04705 each
5000 for $0.0404 each 10000 for $0.03709 each 15000 for $0.03639 each 25000 for $0.03619 each 35000 for $0.03591 each 50000 for $0.03525 each 60000 for $0.03493 each 120000 for $0.0338 each 125000 for $0.03373 each,1 for $0.1 each 10 for $0.061 each 25 for $0.0572 each 50 for $0.054 each 100 for $0.051 each 250 for $0.04728 each 500 for $0.04474 each 1000 for $0.04239 each,1 for $0.1 each 10 for $0.061 each 25 for $0.0572 each 50 for $0.054 each 100 for $0.051 each 250 for $0.04728 each 500 for $0.04474 each 1000 for $0.04239 each
5000 for $0.05362 each 10000 for $0.05122 each 15000 for $0.05 each 25000 for $0.04876 each 35000 for $0.04499 each 50000 for $0.04491 each,1 for $0.1 each 10 for $0.081 each 25 for $0.0756 each 50 for $0.0712 each 100 for $0.0673 each 250 for $0.06244 each 500 for $0.0591 each 1000 for $0.05604 each,1 for $0.1 each 10 for $0.081 each 25 for $0.0756 each 50 for $0.0712 each 100 for $0.0673 each 250 for $0.06244 each 500 for $0.0591 each 1000 for $0.05604 each
10000 for $0.05153 each 20000 for $0.04948 each 30000 for $0.0484 each 50000 for $0.04526 each,1 for $0.1 each 10 for $0.082 each 25 for $0.076 each 50 for $0.0716 each 100 for $0.0677 each 250 for $0.06136 each 500 for $0.05748 each 1000 for $0.05637 each 5000 for $0.05032 each,1 for $0.1 each 10 for $0.082 each 25 for $0.076 each 50 for $0.0716 each 100 for $0.0677 each 250 for $0.06136 each 500 for $0.05748 each 1000 for $0.05637 each 5000 for $0.05032 each
10000 for $0.05502 each 20000 for $0.04948 each 30000 for $0.0484 each 50000 for $0.04714 each 70000 for $0.04638 each 100000 for $0.04563 each 120000 for $0.04526 each,1 for $0.1 each 10 for $0.082 each 25 for $0.076 each 50 for $0.0716 each 100 for $0.0677 each 250 for $0.0628 each 500 for $0.05944 each 1000 for $0.05637 each 5000 for $0.05032 each,1 for $0.1 each 10 for $0.082 each 25 for $0.076 each 50 for $0.0716 each 100 for $0.0677 each 250 for $0.0628 each 500 for $0.05944 each 1000 for $0.05637 each 5000 for $0.05032 each
5000 for $0.03954 each 10000 for $0.03709 each 15000 for $0.03639 each 25000 for $0.03619 each 35000 for $0.03591 each 50000 for $0.03525 each 60000 for $0.03493 each 120000 for $0.0338 each 125000 for $0.03373 each,1 for $0.1 each 10 for $0.061 each 25 for $0.0572 each 50 for $0.054 each 100 for $0.051 each 250 for $0.04728 each 500 for $0.04474 each 1000 for $0.04239 each,1 for $0.1 each 10 for $0.061 each 25 for $0.0572 each 50 for $0.054 each 100 for $0.051 each 250 for $0.04728 each 500 for $0.04474 each 1000 for $0.04239 each
10000 for $0.00512 each,1 for $0.1 each 10 for $0.011 each 25 for $0.0092 each 50 for $0.0072 each 100 for $0.0061 each,1 for $0.1 each 10 for $0.011 each 25 for $0.0092 each 50 for $0.0072 each 100 for $0.0061 each
5000 for $0.03743 each 10000 for $0.03657 each 15000 for $0.03639 each 25000 for $0.03619 each 35000 for $0.03562 each 50000 for $0.03496 each 60000 for $0.03464 each 120000 for $0.03352 each 125000 for $0.03346 each,1 for $0.1 each 10 for $0.061 each 25 for $0.0568 each 50 for $0.0536 each 100 for $0.0506 each 250 for $0.04692 each 500 for $0.04438 each 1000 for $0.04206 each,1 for $0.1 each 10 for $0.061 each 25 for $0.0568 each 50 for $0.0536 each 100 for $0.0506 each 250 for $0.04692 each 500 for $0.04438 each 1000 for $0.04206 each
10000 for $0.05153 each 20000 for $0.04948 each 30000 for $0.0484 each 50000 for $0.04808 each 70000 for $0.04563 each 120000 for $0.04526 each,1 for $0.1 each 10 for $0.082 each 25 for $0.076 each 50 for $0.0716 each 100 for $0.0677 each 250 for $0.0628 each 500 for $0.05748 each 1000 for $0.05637 each 5000 for $0.05032 each,1 for $0.1 each 10 for $0.082 each 25 for $0.076 each 50 for $0.0716 each 100 for $0.0677 each 250 for $0.0628 each 500 for $0.05748 each 1000 for $0.05637 each 5000 for $0.05032 each
